2023 National Rankings,Metropolitan Area,Total Score,Counties
1,Allentown PA,100.00,"Warren County NJ, Carbon County PA, Lehigh County PA, Northampton County PA"
2,Lakeland FL,93.65,Polk County
3,Charleston SC,92.89,"Berkeley County, Charleston County, Dorchester County"
4,Cleveland OH,92.69,"Ashtabula County, Cuyahoga County, Geauga County, Lake County, Lorain County, Medina County"
5,Detroit MI,91.48,"Wayne County, Lapeer County, Livingston County, Macomb County, Oakland County, St. Clair County"
6,Poughkeepsie NY,88.96,"Dutchess County, Orange County"
7,Richmond VA,87.66,"Amelia County, Charles City County, Chesterfield County, Dinwiddie County, Goochland County, Hanover County, Henrico County, King and Queen County, King William County, New Kent County, Powhatan County, Prince George County, Sussex County, Colonial Heights city, Hopewell city, Petersburg city, Richmond city"
8,Philadelphia PA,86.73,"Bucks County, Chester County, Montgomery County, Delaware County, Philadelphia County, Burlington County NJ, Camden County NJ, Gloucester County NJ, New Castle County DE, Cecil County MD, Salem County NJ"
9,Fresno CA,86.40,"Fresno County, Madera County"
10,Rochester NY,80.97,"Livingston County, Monroe County, Ontario County, Orleans County, Wayne County"
11,Columbus OH,80.29,"Delaware County, Fairfield County, Franklin County, Hocking County, Licking County, Madison County, Morrow County, Perry County, Pickaway County, Union County"
12,Baltimore MD,79.14,"Anne Arundel County, Baltimore County, Carroll County, Harford County, Howard County, Queen Anne's County, Baltimore city"
13,St. Louis MO,78.84,"Bond County IL, Calhoun County IL, Clinton County IL, Jersey County IL, Macoupin County IL, Madison County IL, Monroe County IL, St. Clair County IL, Crawford County MO, Franklin County MO, Jefferson County MO, Lincoln County MO, St. Charles County MO, St. Louis County MO, Warren County MO, St. Louis city MO"
14,Orlando FL,78.67,"Lake County, Orange County, Osceola County, Seminole County"
15,New York NY,77.97,"Bergen County NJ, Hudson County NJ, Passaic County NJ, Middlesex County NJ, Monmouth County NJ, Ocean County NJ, Somerset County NJ, Essex County NJ, Hunterdon County NJ, Morris County NJ, Sussex County NJ, Union County NJ, Bronx County NY, Kings County NY, New York County NY, Putnam County NY, Queens County NY, Richmond County NY, Rockland County NY, Westchester County NY, Nassau County NY, Suffolk County NY"
16,Harrisburg PA,75.46,"Cumberland County, Dauphin County, Perry County"
17,McAllen TX,75.22,Hidalgo County
18,Omaha NE,74.96,"Harrison County IA, Mills County IA, Pottawattamie County IA, Cass County NE, Douglas County NE, Sarpy County NE, Saunders County NE, Washington County NE"
19,Dayton OH,74.22,"Greene County, Miami County, Montgomery County"
20,Greenville SC,73.75,"Anderson County, Greenville County, Laurens County, Pickens County"
21,Spokane WA,73.10,"Spokane County, Stevens County"
22,Cape Coral FL,72.58,Lee County
23,Albany NY,71.88,"Albany County, Rensselaer County, Saratoga County, Schenectady County, Schoharie County"
24,Las Vegas NV,71.81,Clark County
25,Miami FL,71.66,"Broward County, Miami-Dade County, Palm Beach County"
26,New Orleans LA,71.53,"Jefferson Parish, Orleans Parish, Plaquemines Parish, St. Bernard Parish, St. Charles Parish, St. James Parish, St. John the Baptist Parish"
27,San Antonio TX,71.12,"Atascosa County, Bandera County, Bexar County, Comal County, Guadalupe County, Kendall County, Medina County, Wilson County"
28,Toledo OH,71.11,"Fulton County, Lucas County, Wood County"
29,Cincinnati OH,70.13,"Dearborn County IN, Franklin County IN, Ohio County IN, Boone County KY, Bracken County KY, Campbell County KY, Gallatin County KY, Grant County KY, Kenton County KY, Pendleton County KY, Brown County OH, Butler County OH, Clermont County OH, Hamilton County OH, Warren County OH"
30,Jacksonville FL,69.34,"Baker County, Clay County, Duval County, Nassau County, St. Johns County"
31,Phoenix AZ,67.94,"Maricopa County, Pinal County"
32,Tampa FL,67.57,"Pinellas County, Hernando County, Hillsborough County, Pasco County"
33,Tucson AZ,67.57,Pima County
34,Louisville KY,67.56,"Clark County IN, Floyd County IN, Harrison County IN, Washington County IN, Bullitt County KY, Henry County KY, Jefferson County KY, Meade County KY, Nelson County KY, Oldham County KY, Shelby County KY, Spencer County KY"
35,Chicago IL,67.19,"Cook County IL, DuPage County IL, Grundy County IL, McHenry County IL, Will County IL, DeKalb County IL, Kane County IL, Kendall County IL, Lake County IL, Jasper County IN, Lake County IN, Newton County IN, Porter County IN"
36,Dallas TX,66.81,"Collin County, Dallas County, Denton County, Ellis County, Hunt County, Kaufman County, Rockwall County, Johnson County, Parker County, Tarrant County, Wise County"
37,Atlanta GA,65.72,"Barrow County, Butts County, Carroll County, Clayton County, Coweta County, Dawson County, DeKalb County, Douglas County, Fayette County, Forsyth County, Fulton County, Gwinnett County, Heard County, Henry County, Jasper County, Lumpkin County, Meriwether County, Morgan County, Newton County, Pickens County, Pike County, Rockdale County, Spalding County, Walton County, Bartow County, Cherokee County, Cobb County, Haralson County, Paulding County"
38,Indianapolis IN,65.21,"Boone County, Brown County, Hamilton County, Hancock County, Hendricks County, Johnson County, Madison County, Marion County, Morgan County, Shelby County, Tipton County"
39,Akron OH,65.18,"Portage County, Summit County"
40,Daytona Beach FL,64.17,"Flagler County, Volusia County"
41,Stockton CA,63.59,San Joaquin County
42,Sacramento CA,62.90,"El Dorado County, Placer County, Sacramento County, Yolo County"
43,Pittsburgh PA,62.63,"Allegheny County, Armstrong County, Beaver County, Butler County, Fayette County, Lawrence County, Washington County, Westmoreland County"
44,Riverside CA,62.55,"Riverside County, San Bernardino County"
45,Baton Rouge LA,62.50,"Ascension Parish, Assumption Parish, East Baton Rouge Parish, East Feliciana Parish, Iberville Parish, Livingston Parish, Pointe Coupee Parish, St. Helena Parish, West Baton Rouge Parish, West Feliciana Parish"
46,Springfield MA,62.44,Hampden County
47,Wichita KS,62.08,"Butler County, Harvey County, Sedgwick County, Sumner County"
48,Palm Bay FL,61.96,Brevard County
49,Columbia SC,61.55,"Calhoun County, Fairfield County, Kershaw County, Lexington County, Richland County, Saluda County"
50,Nashville TN,61.36,"Cannon County, Cheatham County, Davidson County, Dickson County, Hickman County, Macon County, Maury County, Robertson County, Rutherford County, Smith County, Sumner County, Trousdale County, Williamson County, Wilson County"
51,Kansas City MO,60.58,"Johnson County KS, Leavenworth County KS, Linn County KS, Miami County KS, Wyandotte County KS, Bates County MO, Caldwell County MO, Cass County MO, Clay County MO, Clinton County MO, Jackson County MO, Lafayette County MO, Platte County MO, Ray County MO"
52,Chattanooga TN,60.20,"Catoosa County GA, Dade County GA, Walker County GA, Hamilton County TN, Marion County TN, Sequatchie County TN"
53,Washington DC,59.55,"Arlington County VA, Clarke County VA, Culpeper County VA, Fairfax County VA, Fauquier County VA, Loudoun County VA, Prince William County VA, Rappahannock County VA, Spotsylvania County VA, Stafford County VA, Warren County VA, Alexandria city VA, Fairfax city VA, Falls Church city VA, Fredericksburg city VA, Manassas city VA, Manassas Park city VA, Frederick County MD, Montgomery County MD, Charles County MD, Prince George's County MD, District of Columbia DC, Jefferson County WV"
54,El Paso TX,59.54,"El Paso County, Hudspeth County"
55,Memphis TN,58.90,"Crittenden County AR, Benton County MS, DeSoto County MS, Marshall County MS, Tate County MS, Tunica County MS, Fayette County TN, Shelby County TN, Tipton County TN"
56,Sarasota FL,58.66,"Manatee County, Sarasota County"
57,Virginia Beach VA,57.58,"Camden County NC, Currituck County NC, Gates County NC, Gloucester County VA, Isle of Wight County VA, James City County VA, Mathews County VA, Surry County VA, York County VA, Chesapeake city VA, Hampton city VA, Newport News city VA, Norfolk city VA, Poquoson city VA, Portsmouth city VA, Suffolk city VA, Virginia Beach city VA, Williamsburg city VA"
58,Los Angeles CA,57.48,"Orange County, Los Angeles County"
59,Syracuse NY,57.41,"Madison County, Onondaga County, Oswego County"
60,Hartford CT,57.07,"Capitol Planning Region, Lower Connecticut River Valley Planning Region"
61,Albuquerque NM,56.90,"Bernalillo County, Sandoval County, Torrance County, Valencia County"
62,Providence RI,56.38,"Bristol County MA, Bristol County RI, Kent County RI, Newport County RI, Providence County RI, Washington County RI"
63,Jackson MS,55.65,"Copiah County, Hinds County, Holmes County, Madison County, Rankin County, Scott County, Simpson County, Yazoo County"
64,San Diego CA,55.50,San Diego County
65,Houston TX,55.26,"Austin County, Brazoria County, Chambers County, Fort Bend County, Galveston County, Harris County, Liberty County, Montgomery County, San Jacinto County, Waller County"
66,Buffalo NY,54.37,"Erie County, Niagara County"
67,Minneapolis MN,54.26,"Anoka County MN, Carver County MN, Chisago County MN, Dakota County MN, Hennepin County MN, Isanti County MN, Le Sueur County MN, Mille Lacs County MN, Ramsey County MN, Scott County MN, Sherburne County MN, Washington County MN, Wright County MN, Pierce County WI, St. Croix County WI"
68,Worcester MA,53.31,Worcester County
69,Austin TX,53.21,"Bastrop County, Caldwell County, Hays County, Travis County, Williamson County"
70,Des Moines IA,52.43,"Dallas County, Guthrie County, Jasper County, Madison County, Polk County, Warren County"
71,Milwaukee WI,52.28,"Milwaukee County, Ozaukee County, Washington County, Waukesha County"
72,Seattle WA,51.79,"Snohomish County, King County, Pierce County"
73,Bakersfield CA,51.09,Kern County
74,Scranton PA,50.01,"Lackawanna County, Luzerne County, Wyoming County"
75,Tulsa OK,49.95,"Creek County, Okmulgee County, Osage County, Pawnee County, Rogers County, Tulsa County, Wagoner County"
76,San Jose CA,49.59,"San Benito County, Santa Clara County"
77,San Francisco CA,49.48,"Alameda County, Contra Costa County, San Francisco County, San Mateo County, Marin County"
78,Greensboro NC,49.45,"Guilford County, Randolph County, Rockingham County"
79,Oklahoma City OK,48.10,"Canadian County, Cleveland County, Grady County, Lincoln County, Logan County, McClain County, Oklahoma County"
80,Augusta GA,47.81,"Burke County GA, Columbia County GA, Lincoln County GA, McDuffie County GA, Richmond County GA, Aiken County SC, Edgefield County SC"
81,Grand Rapids MI,47.74,"Barry County, Ionia County, Kent County, Montcalm County, Ottawa County"
82,Charlotte NC,46.24,"Anson County NC, Cabarrus County NC, Gaston County NC, Iredell County NC, Lincoln County NC, Mecklenburg County NC, Rowan County NC, Union County NC, Chester County SC, Lancaster County SC, York County SC"
83,Colorado Springs CO,45.24,"El Paso County, Teller County"
84,Bridgeport CT,45.10,"Greater Bridgeport Planning Region, Western Connecticut Planning Region"
85,Portland OR,43.96,"Clackamas County OR, Columbia County OR, Multnomah County OR, Washington County OR, Yamhill County OR, Clark County WA, Skamania County WA"
86,Birmingham AL,43.46,"Bibb County, Blount County, Chilton County, Jefferson County, St. Clair County, Shelby County, Walker County"
87,Denver CO,43.41,"Adams County, Arapahoe County, Broomfield County, Clear Creek County, Denver County, Douglas County, Elbert County, Gilpin County, Jefferson County, Park County"
88,Knoxville TN,41.77,"Anderson County, Blount County, Campbell County, Grainger County, Knox County, Loudon County, Morgan County, Roane County, Union County"
89,Boston MA,41.03,"Norfolk County, Plymouth County, Suffolk County, Essex County, Middlesex County, Rockingham County NH, Strafford County NH"
90,Boise ID,40.76,"Ada County, Boise County, Canyon County, Gem County, Owyhee County"
91,Raleigh NC,40.68,"Franklin County, Johnston County, Wake County"
92,New Haven CT,40.47,South Central Connecticut Planning Region
93,Winston-Salem NC,38.91,"Davidson County, Davie County, Forsyth County, Stokes County, Yadkin County"
94,Ogden UT,38.48,"Davis County, Morgan County, Weber County"
95,Little Rock AR,37.22,"Faulkner County, Grant County, Lonoke County, Perry County, Pulaski County, Saline County"
96,Durham NC,36.95,"Chatham County, Durham County, Orange County, Person County"
97,Madison WI,36.76,"Columbia County, Dane County, Green County, Iowa County"
98,Oxnard CA,36.60,Ventura County
99,Salt Lake City UT,35.21,"Salt Lake County, Tooele County"
100,Provo UT,23.42,"Juab County, Utah County"